Id,SalePrice
<<<<<<< HEAD
1461,102835.9776495208
1462,130550.83502195239
1463,152935.68934879595
1464,154230.7154390954
1465,178382.1846254882
1466,157518.55829794082
1467,133188.8903783984
1468,147768.1499359997
1469,159721.16173461248
1470,99538.2376019273
1471,160246.25958773546
1472,89769.33285797681
1473,87954.1533366977
1474,134692.47337276017
1475,135569.52994491922
1476,327264.81515641627
1477,214371.79861468036
1478,254896.28647514922
1479,238884.23345717575
1480,343517.6873697536
1481,267992.664309051
1482,189678.7496059095
1483,137512.3288962691
1484,155218.68162391614
1485,163403.47775748718
1486,185074.19524029054
1487,291183.6087011229
1488,200400.1194012175
1489,174237.20607560797
1490,155098.38279710908
1491,178629.18205075816
1492,80350.17812495271
1493,159515.57098991994
1494,250532.7545700278
1495,247765.12553318407
1496,171742.91346886806
1497,169846.37071075418
1498,150018.5173236049
1499,148588.03612217074
1500,125246.9120720615
1501,145636.38396892394
1502,151094.52902305804
1503,216836.31501788928
1504,206950.80748056388
1505,177577.95066527717
1506,148782.27931028104
1507,181505.32573498553
1508,161865.53471121547
1509,140255.32924989492
1510,115717.66780447241
1511,109876.32392804518
1512,136992.65251700557
1513,142132.44350054822
1514,132640.11703937268
1515,152393.95621709834
1516,143142.6476881173
1517,129554.19911150355
1518,120087.17325668146
1519,175260.99733617582
1520,109147.86377752063
1521,112348.50888970957
1522,142571.83449332652
1523,105381.03635357178
1524,104452.91499544538
1525,105510.58543443121
1526,103374.32064094098
1527,97328.4542772958
1528,114882.26379293055
1529,113843.57499751897
1530,142209.12723866728
1531,110252.01540795963
1532,86320.13643696526
1533,103484.6722659874
1534,111054.52336278532
1535,130955.3206320329
1536,101367.89387272237
1537,60870.70053822517
1538,182743.99363625358
1539,218815.4169163255
1540,99924.93771190694
1541,127270.60109149112
1542,121305.31556088387
1543,204072.65348473965
1544,67944.02859462614
1545,94577.2352278259
1546,108236.35774218425
1547,117068.89755029505
1548,115596.72025116757
1549,94478.95765859632
1550,122434.79123389059
1551,95121.56686471653
1552,123920.4088523408
1553,143575.29038958717
1554,108354.18396774383
1555,140347.64282639427
1556,82562.11490626069
1557,93682.27170724868
1558,88153.37086624705
1559,91972.14237533705
1560,121809.89159198375
1561,104955.29418409584
1562,109349.77908523302
1563,102239.92217899277
1564,116967.48948167186
1565,132470.69552867126
1566,176069.33801729933
1567,69100.04257214762
1568,177956.09760157444
1569,125948.49450854119
1570,118636.01012711335
1571,122123.7089646661
1572,117990.7175018524
1573,188353.7944183877
1574,99321.20566534798
1575,174684.0057121802
1576,177495.5616415756
1577,170517.11765403426
1578,140277.45113254045
1579,111726.06565292373
1580,176257.5624220238
1581,123454.6673198083
1582,102384.2180848918
1583,255887.3486621407
1584,221710.0145281952
1585,110887.71010683707
1586,77587.93968717632
1587,96762.6859342526
1588,117482.87756277135
1589,88405.04653951866
1590,112214.65009149318
1591,92592.54913246194
1592,104158.74505425332
1593,105021.93483174403
1594,132266.56408308703
1595,110700.05060085269
1596,218408.48577761103
1597,152605.2963108992
1598,183747.2692188297
1599,177563.30458359545
1600,174663.5463084315
1601,73599.39742212319
1602,97782.04735370967
1603,77616.89548210138
1604,212699.59674459865
1605,207118.30530120258
1606,131272.61871597538
1607,151268.3889724886
1608,175825.05950123712
1609,170251.8080598435
1610,139583.62586206695
1611,118127.68809752396
1612,137668.30840309977
1613,131051.34010206672
1614,100568.17696860968
1615,86376.35052878037
1616,74699.76015808617
1617,87583.55490702082
1618,107614.0078736422
1619,112673.21807784998
1620,136779.88366877878
1621,113989.60935381243
1622,129169.29729758107
1623,224530.8323411189
1624,173437.19778300676
1625,109122.96298713674
1626,137936.67451251717
1627,154914.86392383592
1628,244334.09211025963
1629,171623.16824002436
1630,291785.5935181625
1631,202682.19098236703
1632,217425.00526566303
1633,163343.7695093729
1634,153492.92649209313
1635,157982.92040927283
1636,129766.82215364881
1637,152375.86479553784
1638,207326.55824736808
1639,149537.51350923566
1640,229343.52237394766
1641,150245.90042375785
1642,198329.85022910422
1643,202780.67815928799
1644,203033.4325823245
1645,138926.8536171965
1646,120084.20920651537
1647,150730.27634666473
1648,112089.79482026087
1649,112419.48647300736
1650,97948.04204015613
1651,104474.55364064503
1652,89305.51982090715
1653,93380.4372532182
1654,135182.56543786393
1655,138662.01024545726
1656,129846.47433690562
1657,134697.75043786393
1658,130416.56945302748
1659,132730.98556925709
1660,120704.43117093836
1661,337833.2005008148
1662,318560.68774093967
1663,293183.95139189414
1664,315407.7313948127
1665,260347.14791619068
1666,235035.0387558391
1667,308012.0367984702
1668,268915.4696895235
1669,243088.1459309945
1670,269218.56410945964
1671,196295.75533870538
1672,329203.13558519783
1673,269054.8237082645
1674,204010.85852616405
1675,136408.67248067068
1676,132223.92863519705
1677,171868.81388308984
1678,352268.9635270516
1679,282140.02803183603
1680,287377.1294778915
1681,237049.47717673468
1682,229848.10256046185
1683,157200.50735565647
1684,168134.2617855692
1685,152058.1754792633
1686,157058.70754962336
1687,162672.9852092059
1688,173235.32766268257
1689,179153.5756908754
1690,171193.79996179638
1691,163724.19731959785
1692,240000.26124720857
1693,161090.04976411257
1694,154412.03499025607
1695,164566.006417297
1696,237253.53688703367
1697,166016.04811231533
1698,300952.1850519852
1699,260944.5590239339
1700,221252.74349501106
1701,239958.34639245656
1702,216002.79344041107
1703,208079.64170731895
1704,216297.1971626265
1705,208478.4688073047
1706,316384.6957907083
1707,184033.8069584667
1708,175310.8295496938
1709,235229.47043451603
1710,200849.82450293365
1711,213463.52739042093
1712,230619.16280364073
1713,179241.50298285118
1714,176999.37618018818
1715,179145.07831199857
1716,154709.59861572413
1717,151846.7792224262
1718,121473.43753446391
1719,192406.73613679648
1720,202331.6009995374
1721,150589.55615543635
1722,114006.6115737156
1723,117938.94800349933
1724,181946.24790954817
1725,226275.81473042083
1726,165892.88205179264
1727,127386.59077004343
1728,174757.99788550075
1729,144066.8022157909
1730,153592.7448729555
1731,99837.86324033547
1732,106176.58694091765
1733,100908.24484200639
1734,105465.55770383301
1735,110648.95998158789
1736,102835.06605575349
1737,262797.6424010703
1738,195116.15115428678
1739,238995.33602407464
1740,167111.87025886134
1741,140155.17225113168
1742,145144.95896892395
1743,161439.28400438512
1744,234592.65972334897
1745,190033.90911382364
1746,251060.90404601622
1747,208265.63559895626
1748,183028.07352099847
1749,117042.36753869682
1750,112423.7655030737
1751,226037.80855637946
1752,105891.21771385455
1753,128914.43699649535
1754,199951.34856507805
1755,128133.056532734
1756,102636.46255404003
1757,105239.58329834935
1758,110532.00653781931
1759,133744.27777999625
1760,123296.83384564551
1761,114226.72609141764
1762,149462.4918377858
1763,147200.95439478237
1764,102819.35138469291
1765,130159.41600348418
1766,145021.29616999923
1767,166437.6029689529
1768,115537.03048508803
1769,155799.58396822796
1770,120466.70352426407
1771,109801.13951379544
1772,118875.92398056186
1773,111236.0816462393
1774,119451.5696805901
1775,112971.34567870857
1776,104715.05307804933
1777,96853.86724686263
1778,113797.95560444827
1779,109537.97142650423
1780,166718.05103965
1781,112090.99956034613
1782,87304.61371971
1783,119410.3387641896
1784,94786.25519943787
1785,98231.43792583485
1786,128674.77259288891
1787,156293.7318076014
1788,57688.321803617306
1789,86236.83675285013
1790,86808.68180694943
1791,149430.9994016938
1792,132610.08090387523
1793,104088.10804163147
1794,117428.65416995599
1795,109974.6914687566
1796,118518.12497431427
1797,95248.90359684364
1798,108209.04910362382
1799,97993.49686496136
1800,117283.66355781202
1801,124949.54908394325
1802,129244.81013054165
1803,139817.09369556856
1804,112127.91063064414
1805,113202.27683639887
1806,105420.08725039382
1807,120624.3966559385
1808,113364.70452500871
1809,121838.63478432507
1810,124961.46086147582
1811,104950.80194350696
1812,102763.6231938533
1813,104175.38260350257
1814,84142.47205483611
1815,51791.717140681416
1816,93995.09716844955
1817,105433.7656647334
1818,129553.7569581389
1819,112685.7930598259
1820,62952.46197341603
1821,109908.51112931714
1822,132687.41218791288
1823,48927.77661062403
1824,128073.22189542276
1825,126900.73669029796
1826,94021.11501861655
1827,94487.60744620429
1828,124115.70357982989
1829,88126.18480467968
1830,125624.04700555664
1831,170161.8837601053
1832,92874.58618047295
1833,128163.64668696478
1834,127189.26008391386
1835,160698.0070428326
1836,112721.48361689993
1837,77629.64997134461
1838,118868.16727370213
1839,85170.8825344911
1840,117058.99480962554
1841,110594.72475053702
1842,80968.49325684842
1843,112790.65622260436
1844,111263.25719938584
1845,141739.52240529435
1846,120484.05912088166
1847,149245.81001468858
1848,60068.19534342617
1849,110897.91088267094
1850,104918.29089650442
1851,141097.68772573554
1852,105602.00148665074
1853,106566.36152980954
1854,153673.73555764183
1855,123957.72797038818
1856,198225.71643136448
1857,153985.00411403674
1858,129788.14481532431
1859,118917.26199887271
1860,113649.73781514628
1861,118922.26199887271
1862,246795.31825913978
1863,241695.62555899363
1864,241695.62555899363
1865,278175.80908547516
1866,277964.6416269263
1867,204601.90826830454
1868,243683.64393904211
1869,163965.45587600794
1870,196215.60511729232
1871,212254.5687759294
1872,150931.90222579578
1873,199813.91702542067
1874,114012.75562112808
1875,171850.83852024603
1876,163478.93404671166
1877,168568.76995839545
1878,175467.07697809665
1879,107447.14988229539
1880,106808.31001140227
1881,176662.62387311287
1882,239695.4417864193
1883,182121.50870714898
1884,197473.80881682382
1885,206466.52195946957
1886,239040.0326026135
1887,142430.30425410328
1888,207052.91202258182
1889,145844.25434716413
1890,105335.70529481798
1891,112698.06983142177
1892,94542.83462019474
1893,106153.1566642492
1894,116725.14644389792
1895,123609.31203887027
1896,109540.01683099549
1897,95644.3645042326
1898,108420.06613729161
1899,128560.36571379058
1900,149009.33293453138
1901,143703.0597357188
1902,115345.92391418715
1903,212262.93069556795
1904,114726.82787560906
1905,158153.0311799475
1906,148505.14115339596
1907,163465.62738249684
1908,96285.16400651968
1909,111665.873081061
1910,107818.13444012604
1911,182853.0200149417
1912,250178.2765477419
1913,135933.51238941855
1914,58072.23322387035
1915,231038.51890485772
1916,67039.84044654362
1917,228848.26467655954
1918,112471.35416937273
1919,128908.23646782967
1920,126475.37125023958
1921,307608.1015518402
1922,262897.8923993488
1923,176296.8403834606
1924,173882.70201207325
1925,207750.7908197897
1926,293001.9978287207
1927,109036.36068066844
1928,136076.1137344541
1929,104867.78862997328
1930,120708.66676238041
1931,112059.90993928991
1932,114773.85935381243
1933,144741.2242916731
1934,150178.0432129196
1935,150553.51017799583
1936,153767.63179807656
1937,162968.76111547858
1938,138792.75907088374
1939,212701.26015150623
1940,178033.7096254882
1941,154496.17299176808
1942,158054.59519661288
1943,181034.5383666714
1944,285417.27464472427
1945,289399.681766458
1946,128048.40991079248
1947,267427.9814527229
1948,152912.6537805979
1949,180819.86249789663
1950,156979.16166914508
1951,220981.3445869753
1952,186230.2627009228
1953,125538.73791774751
1954,199244.96341399703
1955,111402.73862065018
1956,230157.4888408398
1957,136149.35499210723
1958,254894.71053471067
1959,131163.59204933853
1960,101974.8966537416
1961,100870.2788102992
1962,89015.01982090715
1963,94351.4056017727
1964,100561.70581410662
1965,129699.06003540884
1966,138692.4753452849
1967,221643.27433416634
1968,301428.75739912794
1969,293476.45966534404
1970,328273.15598112444
1971,344376.046242386
1972,294006.437283983
1973,242568.28506877663
1974,264303.24467618956
1975,328369.1603616748
1976,203709.87743298715
1977,303907.9119031515
1978,313188.54343632434
1979,276420.8539263907
1980,164874.0492825969
1981,272720.0136008562
1982,189456.38460590952
1983,189176.18960590952
1984,163528.0408452929
1985,169276.03652499832
1986,165292.66225018864
1987,164134.36651041755
1988,154785.6125120251
1989,180914.96024029056
1990,208993.8530528969
1991,178585.61550881324
1992,195990.7923986685
1993,164347.65243487473
1994,230241.50663359175
1995,174679.63569019636
1996,234063.84477132678
1997,273018.959123948
1998,254050.7266252144
1999,233673.4578947272
2000,266731.64750988135
2001,229689.91412514338
2002,178974.31694750226
2003,206463.9502021868
2004,217784.22640873538
2005,202774.8495793718
2006,198509.96281662726
2007,206565.238491843
2008,177708.02180978516
2009,160903.9811023172
2010,180431.36436217942
2011,124447.94466423854
2012,159095.83854938485
2013,157626.40072548046
2014,159245.5100199617
2015,185073.301067181
2016,159003.4350199617
2017,185638.15232102637
2018,102412.43583013308
2019,108973.0346410003
2020,92309.64260932014
2021,98208.01615581028
2022,144457.83950968494
2023,122918.71506143094
2024,187503.50218835822
2025,321949.2158726531
2026,158428.00556096737
2027,123506.25219114017
2028,145967.86659081234
2029,145704.87347563374
2030,234367.39316064923
2031,224595.40126825462
2032,234221.66559607978
2033,229640.0347528693
2034,154472.76969319003
2035,188765.5909985209
2036,180348.91886951582
2037,180445.91886951582
2038,290994.27241892484
2039,195109.90097500233
2040,296946.3136410492
2041,226508.6543632708
2042,189989.88271862088
2043,141221.35717679
2044,146465.615041434
2045,180488.65311999066
2046,122048.12311722065
2047,128896.03870780474
2048,112153.33648258756
2049,121017.88596716552
2050,167437.01835946407
2051,103364.41861829921
2052,102940.71925445538
2053,118255.7027000264
2054,78786.12661280212
2055,130316.09914094665
2056,123425.11325852969
2057,99680.62943573862
2058,187672.91137941653
2059,105997.0880623939
2060,136882.25151914457
2061,149416.95495774297
2062,106269.86485445933
2063,103059.8220994981
2064,107151.86608629744
2065,93964.10219111292
2066,158149.51846172457
2067,118574.08614947376
2068,126798.40386611526
2069,82477.05351548138
2070,99710.78420874852
2071,87334.51365555444
2072,117942.0805499296
2073,111906.56713530772
2074,161675.46806324058
2075,120624.78038901833
2076,100932.6464205953
2077,121279.99625557315
2078,104181.56961412188
2079,111211.33374717226
2080,103039.72217218585
2081,109168.36682516968
2082,114129.7591225645
2083,125973.03250061149
2084,103319.78583183754
2085,104598.74715431318
2086,118696.95695110373
2087,109286.04441606828
2088,100602.95683716558
2089,75995.34629443777
2090,124357.77140135466
2091,118921.09973077489
2092,119746.6485518574
2093,112053.89141023575
2094,131761.55386776355
2095,125583.27575040655
2096,81854.80618174905
2097,90028.93723271985
2098,119665.14243316202
2099,62695.772266908556
2100,99880.48096666485
2101,117763.25413204654
2102,134997.88852326237
2103,99815.3646204007
2104,117625.99725565879
2105,124809.0255901685
2106,64508.538772800224
2107,206617.93221325244
2108,98465.11620577596
2109,101252.33757982988
2110,107558.6640283007
2111,152523.47738770774
2112,125479.37274175964
2113,101899.72990056424
2114,106559.42607729137
2115,132682.7514498366
2116,99329.2914436227
2117,132521.54241062
2118,108118.31800580258
2119,89851.42389472044
2120,103402.86245830712
2121,80708.40397940719
2122,93046.43717624707
2123,93420.42729384778
2124,172044.76050501934
2125,112156.3391898041
2126,132961.14786814904
2127,132879.7014911638
2128,120850.52027141138
2129,91800.08857775456
2130,124531.14269749742
2131,136536.01515057025
2132,102796.94855932698
2133,101192.08112620795
2134,110122.48836183778
2135,91879.01962748599
2136,75570.53477225371
2137,97565.92991127374
2138,103796.92073335897
2139,120157.62323489
2140,113530.25258484756
2141,115269.27324200197
2142,106587.80565492234
2143,110804.11459572642
2144,91373.80955718298
2145,112607.66417428025
2146,129466.35066180307
2147,117065.8792029898
2148,107543.11005294364
2149,108227.31468491556
2150,179798.50781421503
2151,129878.59598887553
2152,139022.18817273164
2153,137223.77071341127
2154,92164.40903373243
2155,125933.56365687147
2156,192539.85805542086
2157,177128.1768577547
2158,233156.02161621096
2159,211501.39006250052
2160,164511.6909593093
2161,203242.66314340828
2162,313089.8215089764
2163,277242.60602334666
2164,206054.02272543227
2165,151116.59376990324
2166,113317.56295811449
2167,171098.7724100643
2168,168670.96774454293
2169,180331.85063481826
2170,201202.31566942832
2171,118904.77945020069
2172,107059.51186410378
2173,143614.15929973248
2174,220512.57500571822
2175,247350.4868623269
2176,236397.79154044882
2177,232195.37668048067
2178,200782.9219655741
2179,111830.71010683707
2180,149934.02402738755
2181,169689.72495839544
2182,175769.26095685593
2183,166893.49568901246
2184,106075.59824780503
2185,102311.90407918295
2186,110493.34450637017
2187,121519.96408013417
2188,136969.75841982785
2189,184560.13661191714
2190,86352.60172610945
2191,89283.7109263032
2192,83174.49343808959
2193,100602.66248890228
2194,104248.70903476432
2195,91816.3924693831
2196,104976.28994335156
2197,101795.54040797873
2198,152922.96765759966
2199,149850.50720210734
2200,124039.35944368248
2201,126368.40159067189
2202,189537.68585985294
2203,135920.14553250346
2204,156011.20950594568
2205,102538.4207857581
2206,105572.23281940848
2207,209048.01007465052
2208,232582.18260958
2209,159202.07713139616
2210,101374.58203132426
2211,103451.38762464547
2212,104267.14841927483
2213,96492.82189456745
2214,127302.53720741274
2215,99051.5760771177
2216,122699.63752340927
2217,73361.9503459337
2218,75903.70914199643
2219,71009.07638087939
2220,73858.1696143761
2221,235552.1560227427
2222,175785.66555699077
2223,231975.84125047788
2224,190904.58191066864
2225,124468.16825763037
2226,136357.9229997215
2227,167923.5602311982
2228,211078.34876762814
2229,214236.80728558265
2230,141550.1967416962
2231,188774.10190304
2232,150908.36419246186
2233,132847.9536511278
2234,207066.7064044645
2235,158188.34528387658
2236,220354.01137964026
2237,260285.21039249128
2238,159792.0137676738
2239,105671.36217888247
2240,127268.42030132783
2241,112536.04400739103
2242,101111.28755389608
2243,124573.99571507322
2244,92755.54581324462
2245,94046.50002442411
2246,117439.56333485193
2247,106451.1037610688
2248,110240.98733805075
2249,112427.91410188944
2250,109076.0302692839
2251,121063.87356321648
2252,144797.5104710661
2253,140191.48406904674
2254,158606.35926510068
2255,154761.10118764412
2256,175426.2455856469
2257,176289.89225999947
2258,158588.2916454259
2259,155937.09396856147
2260,119349.75931958982
2261,178461.6053202788
2262,180919.30039653482
2263,292250.81749005767
2264,327938.1571098786
2265,139176.50110136002
2266,251192.07125797452
2267,291502.227469586
2268,324199.27716699603
2269,123510.06398404556
2270,175063.4735791562
2271,173848.0429070788
2272,188653.2997216415
2273,128569.08078914366
2274,134717.43674472685
2275,125078.32816317116
2276,160695.78483796393
2277,154116.82881342454
2278,127143.30558068505
2279,110219.24565793775
2280,103489.15520339122
2281,128439.00267192023
2282,137327.1236090149
2283,93319.97352647627
2284,100132.53020858833
2285,143674.05848494964
2286,104135.45819707525
2287,277749.7692000258
2288,226495.52494445554
2289,283333.0429015895
2290,330684.35627488967
2291,295058.4194151233
2292,317795.9957221827
2293,330663.93997996964
2294,326085.0694124078
2295,314376.0069077984
2296,258898.38732439536
2297,261937.20527263344
2298,269933.80926410866
2299,314705.70637299086
2300,278334.5582376605
2301,224805.52234335852
2302,175156.6136180711
2303,216501.6848115911
2304,203514.15579054016
2305,130289.30780528154
2306,126611.00219819523
2307,134916.05328047695
2308,197885.34847556462
2309,243685.88093099452
2310,194921.06232312453
2311,158718.32423981852
2312,159595.7032938141
2313,153474.45442162512
2314,170409.837617961
2315,156531.83357371984
2316,164973.9413405381
2317,136437.13307973143
2318,157225.54598268826
2319,172195.06644507684
2320,167540.1250774663
2321,200638.3986889143
2322,159008.66562307312
2323,162581.89845200954
2324,162188.00467681215
2325,176883.39272983093
2326,161985.92038723332
2327,207464.8530528969
2328,212112.82967402664
2329,155592.71390198154
2330,154343.25124998926
2331,288797.14646733087
2332,328274.5716409957
2333,277367.5503302719
2334,230039.66068564227
2335,251312.50391017014
2336,260744.77899139348
2337,175011.39317349237
2338,212423.5241904363
2339,204184.3752185831
2340,296347.29212641437
2341,184186.87967879284
2342,202121.55353378862
2343,175896.4489258257
2344,215199.0485574084
2345,198540.27200996852
2346,196631.08977955757
2347,172323.5673627445
2348,211910.0296022226
2349,148272.13025632873
2350,233756.94932904086
2351,217161.6543512107
2352,205422.76849184296
2353,181362.79771035415
2354,119421.38632382259
2355,150058.71407923254
2356,114064.39075683772
2357,167974.8150868478
2358,164106.2384548082
2359,119210.5876575535
2360,99848.13868922018
2361,105699.85067849414
2362,237775.02625168918
2363,104661.14033255096
2364,122545.76134349398
2365,184876.1571325484
2366,186562.36926970453
2367,201944.0203306508
2368,171814.39417566644
2369,198764.04691762693
2370,143785.80730343307
2371,148560.6599063209
2372,157055.314514915
2373,246132.0385564257
2374,268949.64486975234
2375,207904.35013123983
2376,220055.00188609195
2377,278286.54552332545
2378,119021.45507126354
2379,158369.65152041882
2380,112756.45779905166
2381,121652.45712307119
2382,171354.17975627363
2383,174723.89448422188
2384,221994.33019002937
2385,121767.89849908765
2386,109168.56341238986
2387,115215.06816587204
2388,97740.47143347267
2389,103799.91143499402
2390,119465.5894341883
2391,109981.24694680724
2392,104091.70046805624
2393,154953.39355032085
2394,116538.03735270038
2395,176960.39130979904
2396,122605.40631150056
2397,162169.43465769608
2398,111367.27693012328
2399,53955.09337086612
2400,60451.22689686742
2401,98628.67293622848
2402,114269.40550869342
2403,121886.73596716553
2404,122753.45412994617
2405,123944.01720801285
2406,116643.99507478598
2407,104387.08069116302
2408,109100.82617003466
2409,110793.0190778023
2410,142680.98715572304
2411,103001.98817562342
2412,131590.49590188265
2413,110268.26681874918
2414,116657.51315319793
2415,118092.93596716551
2416,104131.02675272875
2417,109471.6496541002
2418,109734.72804318793
2419,110894.60167549616
2420,104289.98878986118
2421,127634.21284453978
2422,100706.14458276381
2423,125806.9336918687
2424,138032.2806563439
2425,166377.78845878312
2426,105054.07056053539
2427,132830.66879699874
2428,171143.23046830643
2429,105377.7688020091
2430,109886.08526285912
2431,99935.40860384153
2432,116761.39871219813
2433,117767.55433498308
2434,113229.64617902484
2435,116868.98738900543
2436,104964.3946573368
2437,98802.2869099593
2438,104770.97287098994
2439,93285.17610705708
2440,101961.08864247512
2441,80437.18417567131
2442,89772.028440872
2443,100677.56379351285
2444,111415.81538618499
2445,80564.2543492733
2446,116367.90514660336
2447,183915.53646647272
2448,128913.67839532784
2449,95781.24770510028
2450,132209.625490439
2451,110099.7743909515
2452,205482.8839095895
2453,95991.07044763214
2454,121461.7356911888
2455,99579.0751676386
2456,111485.06539499015
2457,109397.81618422491
2458,110386.30011662055
2459,94695.09077204656
2460,117717.69430345051
2461,100607.83105980745
2462,122116.16581305617
2463,99156.57680797379
2464,148116.5963265609
2465,110886.1351839659
2466,98053.66946065205
2467,136442.71711924768
2468,84812.91069996939
2469,77488.71814236653
2470,157329.80415268653
2471,193744.7497089789
2472,139445.1463090462
2473,96871.85944309135
2474,90601.34419415532
2475,214704.27954830567
2476,97554.19317661198
2477,99276.54362309125
2478,125070.79188372467
2479,86886.47999778262
2480,123908.46191226157
2481,97724.94400930767
2482,104009.39419583432
2483,100748.48984200638
2484,98535.12974961838
2485,103792.88288182687
2486,126273.66969477336
2487,160240.8734164352
2488,153690.25481970885
2489,124525.61790789507
2490,122139.7726691421
2491,83123.29995413449
2492,148303.49196782935
2493,126299.19663540937
2494,131788.099661493
2495,97021.319180035
2496,180037.50480309455
2497,135547.2904905341
2498,94747.61490426041
2499,94803.00625511917
2500,105927.24413514942
2501,108252.8038122072
2502,131099.8396476301
2503,89336.49686989821
2504,165188.0659886775
2505,211937.9650567824
2506,217631.12948165718
2507,262815.4517308901
2508,216675.8644816572
2509,175673.11861807108
2510,202193.18439591746
2511,161634.04020307894
2512,196564.56875639246
2513,194171.5870403106
2514,224676.88044756302
2515,112836.63215125633
2516,135167.90770994325
2517,114060.77281231034
2518,121755.81547620059
2519,203778.0024995159
2520,190365.97782356327
2521,178515.39096840267
2522,199590.46643136448
2523,100465.23984200638
2524,109536.15010455524
2525,112740.54960537716
2526,103197.23980076367
2527,98423.76042270169
2528,106344.26783297182
2529,103074.65239597665
2530,102137.76988011716
2531,182542.5228315171
2532,207438.6198832065
2533,185951.93712697443
2534,204341.75909729616
2535,278091.6994564984
2536,217398.3211644017
2537,203408.63834288908
2538,173733.69493579393
2539,163248.4389175058
2540,138210.50571809954
2541,171912.30239446362
2542,146560.38902041686
2543,104503.46915456286
2544,99590.9099896828
2545,113730.89138100848
2546,112377.99997964909
2547,112537.40673436956
2548,142008.44379909508
2549,134864.82607162336
2550,324006.81908323773
2551,113634.06983142177
2552,105981.0973508402
2553,81992.15469290872
2554,96306.70615057691
2555,108103.24371472068
2556,93216.76754414321
2557,91098.05684815321
2558,125347.40122256105
2559,117765.62740510373
2560,127655.92324284515
2561,138812.0591888746
2562,131776.10962419462
2563,142881.81288323546
2564,177399.79414470517
2565,128615.19419676159
2566,143269.28989055444
2567,112426.08141907622
2568,149948.8754435093
2569,158297.62528983998
2570,100885.22589068173
2571,148653.18663189159
2572,169698.6613268627
2573,182900.6396348651
2574,287654.4718935776
2575,104905.02802249957
2576,123540.74149954805
2577,136359.064253842
2578,81511.06533434757
2579,71495.42544290038
2580,122094.62632178044
2581,89664.43216216157
2582,93163.2387968672
2583,213080.04338276217
2584,128347.28639195344
2585,139070.50653747207
2586,166062.6572091719
2587,163318.2151448617
2588,144707.08785037237
2589,112279.8909155136
2590,169460.19699177681
2591,186998.49124034564
2592,181975.2867550102
2593,210376.20862241538
2594,158918.43247698018
2595,192802.6120020072
2596,238659.2266383852
2597,152115.22602952353
2598,242233.60641280047
2599,277611.1918844728
2600,146080.9568531779
2601,115802.62461680404
2602,80439.31571306096
2603,85209.73755454752
2604,83313.5132255189
2605,75651.28120197842
2606,108695.04444419243
2607,140010.7079617089
2608,155787.36392395
2609,137182.5234246548
2610,103075.86874600631
2611,113126.10832270308
2612,120791.16106498768
2613,108726.06736712618
2614,108090.64259606373
2615,118401.68851646411
2616,118090.23352996883
2617,136132.7624852538
2618,150932.16935055252
2619,188339.35576340766
2620,153643.79802732577
2621,162691.82451247913
2622,164613.56349972126
2623,236404.6635669876
2624,242771.17226619576
2625,294121.1492882147
2626,133577.22378139984
2627,173323.13822955888
2628,344931.2869224289
2629,480078.3857664779
2630,312945.4219632377
2631,354873.58391500165
2632,338515.6238649156
2633,263690.72196620534
2634,302046.22384241666
2635,118626.78472583526
2636,183402.70606308963
2637,151156.8834641501
2638,246058.4422006891
2639,163266.17026719404
2640,118178.91902787465
2641,88792.13281354676
2642,148093.7126578706
2643,92658.1162132439
2644,100371.647529312
2645,95109.0997819789
2646,90044.26982090715
2647,92800.86913123488
2648,108604.8732284109
2649,126833.24697073636
2650,140420.27660078756
2651,129242.53933690563
2652,338939.1140400758
2653,207810.59121120058
2654,197925.3589635066
2655,283910.192423532
2656,281445.25716108095
2657,281545.8553198364
2658,262473.6162949345
2659,282740.209247133
2660,290646.5700190922
2661,274995.05376281263
2662,270878.959997477
2663,215297.16681332374
2664,240129.70759802248
2665,259612.4949926362
2666,251352.3571859035
2667,150782.64055966338
2668,176674.97173268767
2669,137875.28115976742
2670,262657.21370034653
2671,178200.8644328338
2672,162723.21250723518
2673,167967.22657826994
2674,166456.85225018865
2675,158505.63022335086
2676,175838.24771846354
2677,165563.89110466238
2678,246389.13971912506
2679,228807.54307338624
2680,236101.0581193021
2681,323127.316443895
2682,275249.498023172
2683,420346.2481152356
2684,267911.34812902205
2685,291945.3139044134
2686,231321.42596371437
2687,224903.7756051055
2688,203475.98544807153
2689,194562.72120752902
2690,365364.3814821467
2691,156675.98519543745
2692,121416.26283348509
2693,168675.72958553876
2694,121423.16993826942
2695,178042.73596840265
2696,175292.72837113903
2697,161772.07630474813
2698,164110.34089342057
2699,140193.08919447468
2700,127777.43186014419
2701,129867.94902519992
2702,91774.53528782343
2703,128841.80426051708
2704,118496.71953844363
2705,100226.2672699489
2706,104582.15013282566
2707,102180.82729528815
2708,109532.43303610643
2709,94738.01797670113
2710,106507.53384771835
2711,234064.47135264115
2712,303506.5050717221
2713,150491.13395770505
2714,145809.59923800867
2715,145465.90313155972
2716,150274.25225797464
2717,180854.97864644552
2718,207034.9536269138
2719,119757.83846808806
2720,153141.7547381423
2721,105671.74715431318
2722,133916.37142361922
2723,115002.58863538399
2724,107986.5332670898
2725,108365.8176499469
2726,118342.47073960958
2727,148071.76446554
2728,141986.37406516718
2729,131295.1413857425
2730,117081.2239533684
2731,107946.14244889653
2732,107325.2918908075
2733,132505.15783355912
2734,127302.88840374746
2735,108223.41075218993
2736,134839.8613455878
2737,105013.58543443121
2738,122090.42596716552
2739,124707.57506858924
2740,112919.46151836176
2741,116952.42443899819
2742,125622.08780983608
2743,120165.96508262656
2744,121996.47176473153
2745,115968.45086346155
2746,113537.54813317038
2747,143499.5953360728
2748,110041.77201119487
2749,107703.02659242749
2750,112441.38457625225
2751,111987.64713823452
2752,211968.5187581443
2753,127598.00525696094
2754,151645.53236634814
2755,111306.82842073397
2756,87129.00195519635
2757,61695.48783873718
2758,89652.56840998527
2759,138004.80946285807
2760,119103.14929577711
2761,120771.46855967114
2762,122547.69008344978
2763,149902.67657582206
2764,162997.69865307072
2765,237805.08475802623
2766,119455.87987885195
2767,84600.85214268239
2768,118957.92364081033
2769,107982.69203385372
2770,136678.47602847178
2771,103252.19443167429
2772,99172.6100068113
2773,138740.76242650044
2774,116654.54806905208
2775,109011.3490358725
2776,121704.44760482537
2777,139196.19589312747
2778,121153.34302799356
2779,112890.34094157146
2780,85486.72536982213
2781,86585.92102544996
2782,87749.70785407006
2783,97619.04348910507
2784,99339.79103039956
2785,118669.37092159537
2786,74004.02886977346
2787,103226.67512622138
2788,68889.3007947747
2789,186228.28081726268
2790,92904.08618884838
2791,96669.71012396744
2792,51159.757922077304
2793,159039.2169081386
2794,88472.80382706958
2795,103990.21308623283
2796,91176.54821199077
2797,158856.75523244328
2798,110706.66201656531
2799,113334.63310001578
2800,68686.69844570414
2801,94000.99452029006
2802,121734.24007441357
2803,139189.85285454645
2804,128804.93972968942
2805,94312.00360758649
2806,78097.42062007237
2807,142946.80026155364
2808,114854.43420657562
2809,113566.16851711509
2810,107849.7099770762
2811,130232.98038249294
2812,117728.00718119695
2813,130753.62835897278
2814,125035.97532190313
2815,86667.33982446641
2816,199882.38159473857
2817,112444.30274892115
2818,103549.00592982711
2819,160261.65164767526
2820,110642.76010086283
2821,97758.7051876709
2822,172741.47635900322
2823,201815.02606787288
2824,137674.33378192552
2825,136730.3882932202
2826,112803.64363404147
2827,127626.9247594525
2828,180392.77196685848
2829,145033.87190593837
2830,196063.11777874694
2831,161903.05443150346
2832,173245.0498957369
2833,225804.57488158293
2834,197890.30094365333
2835,177972.23125675344
2836,176438.02166800236
2837,130814.9411554104
2838,119048.29557057837
2839,158644.99063451105
2840,168409.1896704459
2841,187599.82767396484
2842,194779.02275865444
2843,136931.1710865408
2844,124080.6186315219
2845,102400.59002174018
2846,193946.24437148738
2847,166623.35396277305
2848,191155.24048632086
2849,195603.1815799836
2850,238112.99153912754
2851,224412.0394593401
2852,199502.7958115754
2853,215455.67797435424
2854,111188.46010683707
2855,163968.28249973967
2856,193363.42577934655
2857,176572.94666800238
2858,168653.05387511762
2859,125192.17436775853
2860,108588.16253007328
2861,103734.4180078693
2862,178913.70027027832
2863,111001.61785429828
2864,245431.2730422276
2865,117509.46158955549
2866,140788.90121792743
2867,90639.66169172885
2868,93620.87746343167
2869,106877.83855133217
2870,115320.42398482058
2871,96917.87850852642
2872,57998.78967790828
2873,103002.05429667588
2874,117246.01569948232
2875,99390.50082240795
2876,153847.17133238688
2877,121120.4791027283
2878,165178.98009251407
2879,127546.38753445692
2880,90524.73569311792
2881,146460.50982320192
2882,145671.75623981463
2883,161048.6259208019
2884,174156.40655051725
2885,171339.92839123798
2886,168241.88919612142
2887,82211.16089413114
2888,105837.4890981715
2889,59300.80451698852
2890,80380.54703418352
2891,128008.54426685048
2892,53012.1124428818
2893,96034.88741635342
2894,57842.485987198146
2895,240613.3129645132
2896,215144.1850267789
2897,160654.92283453787
2898,131392.69484568678
2899,204772.97684766824
2900,126131.68669722836
2901,166602.57099940913
2902,144186.74296723865
2903,268656.5447473915
2904,272965.39821789006
2905,106442.5301144327
2906,158830.44013625407
2907,104435.19560495416
2908,111084.2356288041
2909,121378.59700921061
2910,80698.65828949327
2911,80431.31571306096
2912,121610.88557213859
2913,81818.3809691819
2914,81342.79041045206
2915,83191.72560754867
2916,81200.8809691819
2917,122274.90978514876
2918,104347.22576397056
2919,207720.38056267033
=======
1461,105456.5
1462,123158.25
1463,153529.23
1464,153339.08
1465,185595.27
1466,158941.24
1467,132623.32
1468,150491.98
1469,157222.72
1470,98402.26
1471,156920.5
1472,89347.0
1473,92189.71
1474,139472.5
1475,137142.79
1476,358549.29
1477,217452.95
1478,268839.17
1479,249732.6
1480,357706.26
1481,276802.53
1482,194263.72
1483,137595.83
1484,153934.34
1485,160715.5
1486,188989.11
1487,294220.75
1488,207375.67
1489,169434.23
1490,150712.62
1491,177842.08
1492,87478.29
1493,155549.74
1494,252209.32
1495,255609.0
1496,169253.1
1497,170683.5
1498,144288.27
1499,144056.75
1500,126976.24
1501,148096.79
1502,148073.57
1503,213923.71
1504,206188.26
1505,179118.98
1506,144742.51
1507,173679.14
1508,163705.02
1509,140547.18
1510,112770.5
1511,112739.85
1512,136636.8
1513,138711.91
1514,130775.9
1515,149223.48
1516,137241.24
1517,123091.57
1518,120854.89
1519,178607.82
1520,107946.5
1521,113073.0
1522,141728.17
1523,104144.6
1524,105485.5
1525,105166.0
1526,101357.5
1527,95478.61
1528,111919.25
1529,110969.0
1530,141706.25
1531,125907.66
1532,90615.5
1533,107976.47
1534,111717.0
1535,136091.71
1536,105337.13
1537,68869.65
1538,186571.3
1539,227231.47
1540,112224.41
1541,132410.81
1542,129598.87
1543,202729.86
1544,73120.34
1545,96704.21
1546,107895.5
1547,124820.13
1548,119165.34
1549,98927.0
1550,130520.22
1551,98625.73
1552,132488.27
1553,139453.59
1554,111127.16
1555,143352.29
1556,95495.85
1557,98251.73
1558,90509.47
1559,108075.76
1560,131044.9
1561,112460.58
1562,110688.0
1563,105010.5
1564,118182.64
1565,135182.12
1566,170156.65
1567,74025.22
1568,178283.4
1569,129148.31
1570,112355.75
1571,123093.78
1572,114755.56
1573,175576.46
1574,107140.29
1575,171417.03
1576,170199.32
1577,165359.19
1578,136752.35
1579,112085.5
1580,175369.78
1581,115871.25
1582,103937.0
1583,266049.74
1584,226701.04
1585,105686.5
1586,72983.04
1587,100152.0
1588,115052.53
1589,94385.0
1590,110887.0
1591,96372.08
1592,105464.82
1593,100626.93
1594,140116.9
1595,118080.67
1596,212668.86
1597,142168.14
1598,175020.6
1599,178698.4
1600,177600.4
1601,77202.37
1602,97198.0
1603,85443.55
1604,215434.28
1605,209500.6
1606,128838.5
1607,158866.14
1608,175588.54
1609,163285.98
1610,144915.21
1611,116349.28
1612,135731.93
1613,131746.18
1614,96355.14
1615,83208.5
1616,79488.0
1617,86247.8
1618,109075.5
1619,109208.0
1620,139180.59
1621,117856.68
1622,133728.4
1623,223120.85
1624,167842.56
1625,104136.5
1626,140891.5
1627,156007.38
1628,249795.59
1629,171318.85
1630,297480.99
1631,200487.67
1632,215290.72
1633,160333.2
1634,153510.86
1635,157414.83
1636,127128.32
1637,156591.94
1638,213924.32
1639,150273.57
1640,233092.57
1641,151244.19
1642,199292.5
1643,205543.61
1644,200344.42
1645,142904.99
1646,117309.0
1647,152789.16
1648,109316.59
1649,110450.5
1650,98856.0
1651,101279.0
1652,89985.0
1653,94861.0
1654,140506.5
1655,140493.27
1656,135561.87
1657,139536.87
1658,135638.5
1659,132847.37
1660,117495.25
1661,354888.65
1662,322260.34
1663,305256.85
1664,336713.01
1665,273975.58
1666,236538.22
1667,320064.75
1668,283442.17
1669,257990.43
1670,283471.38
1671,202912.83
1672,356344.86
1673,282155.36
1674,213180.11
1675,138500.68
1676,132520.87
1677,173090.69
1678,365825.05
1679,289455.26
1680,298685.79
1681,249791.88
1682,235125.99
1683,160355.23
1684,168621.35
1685,154885.59
1686,155458.3
1687,160025.77
1688,174681.61
1689,178818.87
1690,171656.57
1691,160315.47
1692,238556.51
1693,158534.41
1694,154467.98
1695,164840.75
1696,239417.37
1697,166726.4
1698,320296.27
1699,273099.69
1700,221525.64
1701,245175.63
1702,218928.63
1703,215980.39
1704,215939.02
1705,216079.25
1706,346051.26
1707,183872.48
1708,178787.12
1709,247955.15
1710,205268.0
1711,215546.13
1712,229867.64
1713,179080.43
1714,177613.92
1715,174064.84
1716,152056.5
1717,146504.4
1718,121191.11
1719,197091.2
1720,207735.18
1721,146627.55
1722,115685.58
1723,119537.29
1724,180430.2
1725,226522.67
1726,163202.87
1727,127541.29
1728,172832.38
1729,143697.2
1730,152634.14
1731,103797.25
1732,104667.83
1733,101342.51
1734,102967.25
1735,109466.5
1736,103309.33
1737,278869.47
1738,197200.7
1739,248650.26
1740,159172.18
1741,132677.89
1742,147113.94
1743,162431.4
1744,238047.58
1745,190879.0
1746,275124.06
1747,210065.34
1748,178097.25
1749,119456.93
1750,114424.5
1751,224506.03
1752,105299.5
1753,129630.73
1754,211910.24
1755,126362.9
1756,100565.08
1757,106465.58
1758,109197.55
1759,137004.16
1760,118842.0
1761,114932.5
1762,153027.38
1763,148943.64
1764,103575.43
1765,133262.61
1766,145550.37
1767,158303.32
1768,111313.0
1769,151217.55
1770,113815.75
1771,106956.0
1772,116096.64
1773,107211.0
1774,125167.16
1775,110689.0
1776,104507.5
1777,99579.5
1778,110252.71
1779,108603.36
1780,168039.21
1781,112015.0
1782,86729.08
1783,120740.03
1784,90252.76
1785,100762.99
1786,133696.5
1787,153715.5
1788,58686.9
1789,85420.65
1790,85635.11
1791,156931.97
1792,128387.37
1793,105176.83
1794,115298.5
1795,112153.0
1796,112484.93
1797,99072.93
1798,106561.0
1799,101320.13
1800,111831.59
1801,124823.4
1802,127031.92
1803,137078.43
1804,111035.5
1805,108988.5
1806,108178.04
1807,128466.62
1808,111820.08
1809,127069.51
1810,131808.83
1811,111534.35
1812,112833.0
1813,107147.0
1814,87598.69
1815,56360.25
1816,98283.5
1817,112255.32
1818,125095.23
1819,113241.45
1820,78839.43
1821,115073.91
1822,135999.61
1823,61428.01
1824,132898.61
1825,136341.66
1826,97444.06
1827,97046.0
1828,127754.9
1829,95123.3
1830,129423.41
1831,166288.5
1832,108896.18
1833,130368.75
1834,131697.14
1835,164293.22
1836,117482.22
1837,82981.71
1838,125929.12
1839,83717.11
1840,118023.81
1841,114185.89
1842,91229.5
1843,108146.82
1844,107566.0
1845,139455.04
1846,113857.0
1847,149334.29
1848,65062.93
1849,109769.69
1850,105930.25
1851,145681.87
1852,104609.5
1853,103450.0
1854,147898.5
1855,128027.15
1856,197669.18
1857,147841.15
1858,135715.14
1859,118360.73
1860,114577.03
1861,118370.73
1862,246179.86
1863,238118.71
1864,238118.71
1865,287279.08
1866,283100.79
1867,209235.33
1868,241834.96
1869,158601.33
1870,194742.89
1871,216625.7
1872,150491.26
1873,200173.65
1874,113306.64
1875,173627.85
1876,158561.53
1877,169042.0
1878,173359.18
1879,106189.0
1880,107919.33
1881,180405.47
1882,242845.62
1883,181525.32
1884,200496.68
1885,211505.09
1886,237453.85
1887,154411.93
1888,211518.7
1889,142303.32
1890,104805.33
1891,109435.5
1892,96391.6
1893,110278.32
1894,121186.61
1895,131080.58
1896,109931.38
1897,102927.0
1898,108982.75
1899,121561.65
1900,139909.0
1901,144464.4
1902,116621.24
1903,215316.4
1904,108561.0
1905,159220.64
1906,138585.72
1907,161424.81
1908,96101.0
1909,111664.04
1910,108405.04
1911,170245.72
1912,248717.78
1913,133209.29
1914,62743.03
1915,234714.55
1916,69925.3
1917,231767.24
1918,109213.0
1919,125705.71
1920,134115.5
1921,317473.53
1922,270175.19
1923,174016.72
1924,177367.25
1925,212627.6
1926,306468.62
1927,107724.75
1928,131979.42
1929,105523.33
1930,116198.0
1931,110299.5
1932,119425.18
1933,149030.48
1934,150538.04
1935,150386.34
1936,153161.78
1937,160838.26
1938,135988.34
1939,213531.46
1940,184898.32
1941,154649.25
1942,159476.63
1943,180871.4
1944,289077.9
1945,303492.7
1946,137084.96
1947,280160.38
1948,147557.21
1949,178937.83
1950,156052.2
1951,225277.98
1952,193554.67
1953,124984.75
1954,209325.76
1955,112798.79
1956,246100.8
1957,138235.64
1958,253591.7
1959,135223.2
1960,98859.58
1961,104035.5
1962,89404.0
1963,93210.0
1964,105194.0
1965,133803.61
1966,137132.02
1967,227629.33
1968,317234.14
1969,301587.68
1970,340374.07
1971,368038.74
1972,305109.62
1973,251836.13
1974,265667.78
1975,351242.54
1976,210664.7
1977,314939.79
1978,315330.2
1979,291648.95
1980,164267.75
1981,285725.23
1982,193818.99
1983,193258.6
1984,162932.95
1985,168521.38
1986,163676.91
1987,160658.64
1988,155650.73
1989,180670.64
1990,211262.6
1991,173357.99
1992,195392.15
1993,163796.8
1994,228839.88
1995,173573.69
1996,238944.0
1997,286104.25
1998,264574.6
1999,223210.18
2000,276545.11
2001,237246.38
2002,177832.21
2003,218472.31
2004,215136.59
2005,208517.59
2006,194656.42
2007,217304.68
2008,175518.81
2009,160295.59
2010,177194.09
2011,125982.57
2012,156901.09
2013,155874.94
2014,157303.97
2015,179338.53
2016,156819.82
2017,189190.2
2018,103579.5
2019,108996.5
2020,95918.47
2021,100488.93
2022,146220.98
2023,130971.04
2024,180447.2
2025,335564.21
2026,157297.11
2027,121190.8
2028,143308.17
2029,144983.37
2030,254558.29
2031,238092.57
2032,250571.04
2033,246884.52
2034,151931.34
2035,188635.6
2036,181449.56
2037,181643.56
2038,313924.4
2039,188839.7
2040,334753.24
2041,240268.5
2042,191639.6
2043,141181.28
2044,148768.33
2045,181263.05
2046,126070.83
2047,129122.4
2048,112082.0
2049,125330.9
2050,166864.53
2051,101394.5
2052,105551.5
2053,116432.75
2054,80989.61
2055,126735.53
2056,122050.0
2057,102636.0
2058,177760.15
2059,104869.59
2060,131597.84
2061,150368.75
2062,106649.5
2063,102909.5
2064,105226.5
2065,97171.86
2066,157288.74
2067,122548.79
2068,125203.36
2069,82582.2
2070,101090.8
2071,86294.0
2072,120004.54
2073,108359.5
2074,156789.2
2075,115084.25
2076,99963.21
2077,113573.5
2078,102863.5
2079,110315.5
2080,105654.0
2081,107965.5
2082,119037.04
2083,129140.36
2084,103858.08
2085,105445.5
2086,112883.65
2087,111608.0
2088,102740.1
2089,87941.5
2090,127216.5
2091,123932.34
2092,124683.03
2093,119881.32
2094,130055.95
2095,127808.87
2096,87013.47
2097,93320.0
2098,124288.33
2099,62821.42
2100,108186.64
2101,118811.24
2102,144312.5
2103,100510.54
2104,125980.47
2105,128352.6
2106,73205.37
2107,210152.19
2108,100785.75
2109,97114.47
2110,104668.08
2111,155336.11
2112,130958.51
2113,106097.04
2114,109804.0
2115,136474.75
2116,99548.5
2117,130299.8
2118,112774.93
2119,97287.5
2120,103541.54
2121,89861.23
2122,93428.35
2123,92638.47
2124,184473.3
2125,118157.37
2126,137432.18
2127,134614.48
2128,130565.17
2129,94490.36
2130,128109.14
2131,138642.5
2132,104836.0
2133,103032.71
2134,108662.5
2135,94395.36
2136,82070.5
2137,95673.22
2138,107500.57
2139,116097.5
2140,112382.5
2141,111561.5
2142,107618.5
2143,111796.03
2144,97597.12
2145,110493.0
2146,118562.83
2147,124704.77
2148,112055.04
2149,111980.0
2150,180159.06
2151,129388.85
2152,136214.32
2153,140204.2
2154,93764.5
2155,121429.66
2156,181472.95
2157,177624.58
2158,231411.35
2159,212509.76
2160,158492.14
2161,211912.83
2162,334360.4
2163,287989.66
2164,208802.5
2165,150722.33
2166,112920.89
2167,168844.26
2168,166925.44
2169,177255.67
2170,200299.36
2171,118485.36
2172,106305.5
2173,140706.27
2174,220782.65
2175,260788.04
2176,236628.05
2177,236194.26
2178,201404.05
2179,107572.5
2180,145866.41
2181,171283.91
2182,174645.13
2183,164634.42
2184,108912.5
2185,105503.0
2186,107490.33
2187,119847.5
2188,136026.15
2189,158702.98
2190,84177.02
2191,88398.73
2192,83377.5
2193,97607.0
2194,103529.0
2195,91407.79
2196,101804.0
2197,103488.0
2198,152055.56
2199,150431.9
2200,119391.72
2201,124096.79
2202,184701.0
2203,141730.74
2204,158647.38
2205,110824.0
2206,95984.93
2207,212264.52
2208,223175.46
2209,151911.11
2210,99414.0
2211,104540.5
2212,105137.0
2213,99172.87
2214,133135.53
2215,99338.0
2216,127185.26
2217,66062.45
2218,90861.84
2219,73387.48
2220,82730.62
2221,236164.55
2222,167128.3
2223,223844.72
2224,193922.47
2225,132982.53
2226,142217.77
2227,168574.71
2228,216886.39
2229,206837.77
2230,145098.06
2231,183163.43
2232,152437.01
2233,131279.39
2234,213546.03
2235,152753.99
2236,218263.34
2237,260479.27
2238,161329.5
2239,111363.25
2240,124162.77
2241,107614.91
2242,102136.25
2243,130198.09
2244,88839.5
2245,88938.0
2246,113624.87
2247,101978.5
2248,111036.5
2249,112424.5
2250,107346.5
2251,116459.25
2252,143985.94
2253,140300.67
2254,156095.02
2255,158575.38
2256,172030.64
2257,168675.69
2258,157057.01
2259,157391.89
2260,110923.83
2261,179745.21
2262,181277.4
2263,304966.18
2264,349943.28
2265,135245.51
2266,265017.86
2267,304618.81
2268,331205.88
2269,126922.79
2270,172013.78
2271,173480.71
2272,197669.65
2273,127432.32
2274,132805.65
2275,123320.33
2276,154275.74
2277,155865.5
2278,129513.46
2279,107570.5
2280,99723.58
2281,129603.87
2282,133978.55
2283,93820.0
2284,103671.08
2285,140825.81
2286,106192.8
2287,291400.5
2288,228138.23
2289,285466.03
2290,336185.86
2291,305891.91
2292,332041.07
2293,344945.21
2294,331088.19
2295,336791.48
2296,262645.79
2297,258140.95
2298,285576.86
2299,334407.58
2300,271542.31
2301,226041.07
2302,177174.85
2303,219628.77
2304,208781.28
2305,128666.48
2306,128510.15
2307,137155.95
2308,207498.3
2309,259185.9
2310,195919.39
2311,158319.74
2312,156392.09
2313,152613.94
2314,164407.63
2315,152630.37
2316,162906.9
2317,136666.99
2318,154340.01
2319,167474.9
2320,160273.02
2321,207207.41
2322,156298.98
2323,155482.53
2324,159045.61
2325,173499.31
2326,160824.0
2327,208204.6
2328,211943.18
2329,155289.26
2330,157302.83
2331,297130.12
2332,346572.64
2333,286587.09
2334,233410.6
2335,251523.7
2336,267367.69
2337,171190.05
2338,216625.33
2339,211054.28
2340,310555.77
2341,181380.86
2342,208564.72
2343,176877.39
2344,223722.2
2345,206489.05
2346,192464.3
2347,168175.88
2348,204328.15
2349,141774.41
2350,232154.85
2351,224457.93
2352,215019.74
2353,174249.7
2354,115698.83
2355,149856.85
2356,114962.64
2357,169598.04
2358,162975.4
2359,118097.62
2360,104050.0
2361,104679.0
2362,245138.95
2363,104448.5
2364,115422.01
2365,188402.28
2366,186044.73
2367,206297.73
2368,165518.52
2369,204122.83
2370,144486.61
2371,147669.44
2372,153834.35
2373,239160.19
2374,260231.41
2375,202956.4
2376,226304.94
2377,302937.6
2378,115957.0
2379,160785.5
2380,110909.0
2381,121152.25
2382,170197.57
2383,176777.62
2384,221994.38
2385,117912.5
2386,106952.5
2387,111464.58
2388,98253.64
2389,105662.93
2390,114497.43
2391,108299.5
2392,104879.83
2393,152743.7
2394,110789.0
2395,169043.95
2396,122110.5
2397,158510.0
2398,106579.0
2399,57868.22
2400,60983.76
2401,100933.5
2402,110866.5
2403,127068.6
2404,121681.03
2405,122604.0
2406,111176.5
2407,103971.8
2408,108316.0
2409,108484.5
2410,141141.19
2411,102164.43
2412,130309.91
2413,110973.5
2414,114218.96
2415,119481.0
2416,104391.36
2417,107981.0
2418,109474.0
2419,118514.25
2420,104569.5
2421,129983.99
2422,99430.26
2423,121770.88
2424,137027.7
2425,155074.78
2426,105182.54
2427,136322.84
2428,169051.0
2429,104895.5
2430,106028.5
2431,103389.0
2432,113217.8
2433,111393.5
2434,110431.0
2435,114163.08
2436,103478.0
2437,103678.26
2438,103905.33
2439,97770.71
2440,105432.5
2441,85999.63
2442,93023.43
2443,103448.1
2444,111270.5
2445,87752.95
2446,123817.66
2447,185722.5
2448,136134.49
2449,104457.54
2450,135150.88
2451,114374.79
2452,208324.52
2453,96547.58
2454,117321.28
2455,94328.97
2456,116334.97
2457,110922.5
2458,108306.0
2459,99541.26
2460,121405.5
2461,106450.0
2462,126849.78
2463,104819.93
2464,139515.24
2465,113673.58
2466,104026.0
2467,142556.0
2468,94756.09
2469,88689.44
2470,154635.95
2471,192092.66
2472,143795.03
2473,99189.5
2474,100325.83
2475,219586.0
2476,103506.8
2477,102405.5
2478,132772.21
2479,94339.38
2480,112744.75
2481,100913.3
2482,104597.5
2483,101023.0
2484,101333.5
2485,105587.0
2486,118870.89
2487,156031.04
2488,148836.56
2489,120592.23
2490,114170.78
2491,86151.86
2492,151683.86
2493,126788.55
2494,135772.01
2495,96943.54
2496,182110.97
2497,137660.64
2498,95573.0
2499,92577.5
2500,102885.43
2501,110759.25
2502,131078.26
2503,89076.45
2504,165136.04
2505,211324.34
2506,219026.53
2507,275010.62
2508,217116.0
2509,178207.86
2510,209196.94
2511,161293.73
2512,201412.53
2513,194241.9
2514,219209.64
2515,109576.25
2516,133065.93
2517,114674.25
2518,118536.89
2519,202362.83
2520,190735.05
2521,177939.82
2522,200398.68
2523,100456.5
2524,109400.0
2525,112270.5
2526,105760.3
2527,101123.5
2528,105453.5
2529,104657.5
2530,99365.0
2531,182536.36
2532,209265.5
2533,187351.44
2534,211118.82
2535,286786.01
2536,217205.43
2537,205438.42
2538,170410.44
2539,161607.8
2540,134680.05
2541,173458.87
2542,149421.84
2543,101728.5
2544,97773.75
2545,112179.12
2546,113936.0
2547,108640.5
2548,147408.72
2549,139178.34
2550,332370.94
2551,111307.5
2552,106560.5
2553,87281.5
2554,101469.0
2555,104689.5
2556,92181.58
2557,94757.08
2558,132407.75
2559,121602.73
2560,120890.5
2561,134198.25
2562,132246.12
2563,141536.96
2564,165165.5
2565,117072.78
2566,138797.08
2567,117249.79
2568,149668.5
2569,158268.77
2570,100230.0
2571,147106.56
2572,172761.35
2573,184053.09
2574,295534.9
2575,107350.76
2576,125253.58
2577,140421.28
2578,90582.43
2579,78709.05
2580,128882.22
2581,97574.86
2582,104453.34
2583,206407.23
2584,127677.23
2585,138445.87
2586,162277.01
2587,166074.05
2588,141102.35
2589,107562.0
2590,170786.71
2591,185322.46
2592,177304.91
2593,216875.75
2594,157187.1
2595,195014.45
2596,251657.38
2597,151801.6
2598,247053.58
2599,287216.17
2600,128783.21
2601,108843.0
2602,83757.0
2603,84919.0
2604,84507.0
2605,83048.0
2606,109447.5
2607,135577.4
2608,153563.92
2609,139700.45
2610,105482.0
2611,113852.03
2612,118087.3
2613,109104.0
2614,108051.5
2615,119877.93
2616,111472.5
2617,139294.09
2618,144906.37
2619,194316.5
2620,151365.88
2621,161281.81
2622,163256.91
2623,240468.86
2624,244670.35
2625,300887.11
2626,130136.52
2627,179820.65
2628,359454.67
2629,501597.82
2630,321308.79
2631,370649.51
2632,352357.01
2633,276221.64
2634,315055.15
2635,114703.5
2636,192962.78
2637,142565.65
2638,250219.07
2639,160451.69
2640,115473.0
2641,91752.34
2642,146435.85
2643,93466.0
2644,108926.0
2645,96200.0
2646,91462.5
2647,94490.0
2648,106417.33
2649,124627.08
2650,139389.37
2651,134354.0
2652,359951.24
2653,211086.46
2654,196512.48
2655,295934.84
2656,303739.11
2657,293836.18
2658,267630.05
2659,286855.04
2660,300361.28
2661,285334.75
2662,285574.67
2663,222568.4
2664,258623.22
2665,262623.69
2666,262473.5
2667,145597.73
2668,173806.76
2669,135897.09
2670,267395.65
2671,174720.31
2672,158656.95
2673,169302.69
2674,166005.29
2675,150268.76
2676,176381.21
2677,165412.22
2678,255017.45
2679,230825.0
2680,237887.35
2681,340677.54
2682,278257.19
2683,456542.43
2684,275734.56
2685,297056.82
2686,235101.97
2687,223472.49
2688,209212.21
2689,192274.98
2690,372038.29
2691,155014.06
2692,119649.41
2693,166514.58
2694,117490.9
2695,176994.51
2696,175416.84
2697,158065.3
2698,162599.64
2699,143534.76
2700,126456.49
2701,127801.24
2702,98474.39
2703,130106.46
2704,118829.75
2705,101358.05
2706,104067.5
2707,103692.0
2708,103788.05
2709,95984.0
2710,104330.5
2711,236761.18
2712,301217.78
2713,149555.09
2714,143571.0
2715,147337.46
2716,149200.02
2717,176416.97
2718,214350.84
2719,115991.82
2720,152240.85
2721,107591.5
2722,137869.15
2723,112238.5
2724,106890.5
2725,107625.0
2726,116140.75
2727,148641.5
2728,141525.12
2729,131335.13
2730,115897.5
2731,103370.5
2732,107750.0
2733,134297.66
2734,134102.87
2735,109722.5
2736,139711.51
2737,104172.0
2738,127475.98
2739,120921.5
2740,110897.0
2741,114736.0
2742,125562.5
2743,120292.03
2744,113560.5
2745,112563.71
2746,109995.55
2747,142620.6
2748,110990.0
2749,104880.73
2750,107929.5
2751,107438.0
2752,223347.15
2753,121234.1
2754,157020.84
2755,110487.5
2756,84827.76
2757,69639.62
2758,84425.11
2759,137266.62
2760,126523.87
2761,116295.5
2762,118057.5
2763,149847.44
2764,167738.85
2765,236702.58
2766,125596.48
2767,89025.64
2768,119647.05
2769,105469.09
2770,135759.4
2771,103030.0
2772,104759.5
2773,132064.95
2774,121323.76
2775,116678.14
2776,121074.34
2777,141808.0
2778,123559.02
2779,114921.27
2780,91771.93
2781,94219.0
2782,92158.08
2783,100231.18
2784,102480.0
2785,130518.45
2786,78183.65
2787,104050.5
2788,79934.93
2789,186013.38
2790,99133.78
2791,101733.5
2792,64736.76
2793,158225.9
2794,92209.11
2795,110362.0
2796,95120.69
2797,162850.07
2798,114248.75
2799,115475.87
2800,75736.69
2801,97790.93
2802,122812.34
2803,141900.75
2804,130317.68
2805,92657.36
2806,90204.0
2807,137010.82
2808,113461.53
2809,110436.5
2810,107606.0
2811,133738.05
2812,114054.5
2813,141738.39
2814,131868.71
2815,85311.12
2816,208146.37
2817,105514.43
2818,105024.0
2819,167152.69
2820,110041.0
2821,98611.36
2822,171229.44
2823,197254.02
2824,142862.58
2825,135120.12
2826,111139.14
2827,129330.51
2828,176052.55
2829,148081.53
2830,202680.2
2831,161823.4
2832,171761.4
2833,233964.8
2834,198698.45
2835,178177.8
2836,173728.87
2837,133221.85
2838,115224.75
2839,159235.06
2840,168405.98
2841,188221.1
2842,193687.09
2843,136000.38
2844,125413.72
2845,103856.71
2846,195204.55
2847,163640.24
2848,194856.04
2849,200480.65
2850,240076.48
2851,226932.86
2852,203660.0
2853,220087.78
2854,106288.0
2855,162462.3
2856,196214.44
2857,173998.72
2858,164286.67
2859,130300.97
2860,106677.5
2861,103041.91
2862,176419.85
2863,109398.0
2864,245315.29
2865,111244.0
2866,139545.0
2867,86641.0
2868,97911.04
2869,115463.38
2870,127622.75
2871,104920.14
2872,62194.24
2873,99792.47
2874,122966.72
2875,104559.97
2876,153419.0
2877,124645.01
2878,160613.54
2879,126872.95
2880,100031.01
2881,148333.24
2882,143283.09
2883,153475.3
2884,169122.85
2885,163706.56
2886,160136.65
2887,85458.56
2888,110346.54
2889,63613.15
2890,80567.8
2891,130444.14
2892,59570.2
2893,104244.57
2894,60397.44
2895,241899.35
2896,217314.91
2897,162746.75
2898,138051.04
2899,208473.36
2900,124775.34
2901,162314.64
2902,144794.88
2903,271522.84
2904,281056.12
2905,112223.87
2906,159342.04
2907,109911.75
2908,108295.0
2909,128036.22
2910,80866.0
2911,83741.0
2912,120684.93
2913,85014.0
2914,84108.5
2915,83476.0
2916,83779.0
2917,115506.5
2918,108397.0
2919,211912.78
>>>>>>> b74c1cc3b203edefc036db51b5d1e8dccb37a31c
